winner_login;loser_login;winner_score;loser_score;match_date
aocheredko;vbugaev;11;4;28.02.2021
aocheredko;amelnikov;11;9;28.02.2021
aocheredko;ankislyakov;11;6;28.02.2021
aocheredko;dtomilov;11;6;28.02.2021
aocheredko;vbugaev;11;9;28.02.2021
aocheredko;asmirnov;11;7;28.02.2021
aocheredko;ankislyakov;11;5;28.02.2021
aocheredko;imaskin;11;5;28.02.2021
aocheredko;dtomilov;11;8;28.02.2021
aocheredko;ankislyakov;11;5;28.02.2021
aocheredko;ankislyakov;11;8;28.02.2021
ankislyakov;aocheredko;11;5;28.02.2021
ankislyakov;amelnikov;11;1;28.02.2021
ankislyakov;amelnikov;11;0;28.02.2021
ankislyakov;aocheredko;11;9;28.02.2021
vbugaev;ankislyakov;11;3;28.02.2021
vbugaev;amelnikov;11;5;28.02.2021
aocheredko;vbugaev;12;10;28.02.2021
aocheredko;ankislyakov;11;9;28.02.2021
aocheredko;amelnikov;11;9;28.02.2021
vbugaev;aocheredko;11;8;28.02.2021
vbugaev;amelnikov;11;9;28.02.2021
vbugaev;aocheredko;11;6;28.02.2021
dtomilov;aparshin;11;9;28.02.2021
dtomilov;ikuznetsov;11;8;28.02.2021
ilevshtanov;amelnikov;11;9;28.02.2021
ankislyakov;imaskin;11;5;28.02.2021
ephilipchack;aparshin;11;9;28.02.2021
ephilipchack;aparshin;11;9;28.02.2021
ephilipchack;aparshin;11;9;28.02.2021
aparshin;ephilipchack;11;8;28.02.2021
aparshin;ephilipchack;14;12;28.02.2021
vbugaev;aocheredko;11;7;28.02.2021
vbugaev;amelnikov;11;9;28.02.2021
imaskin;vbugaev;11;6;28.02.2021
ankislyakov;imaskin;13;11;28.02.2021
aocheredko;amelnikov;11;5;28.02.2021
aocheredko;ankislyakov;12;10;28.02.2021
aocheredko;amelnikov;12;10;28.02.2021
aocheredko;ankislyakov;11;7;28.02.2021
aocheredko;amelnikov;11;1;28.02.2021
aocheredko;amelnikov;11;9;28.02.2021
aocheredko;amelnikov;11;6;28.02.2021
amelnikov;aocheredko;11;9;28.02.2021
amelnikov;ibykov;11;9;28.02.2021
ilevshtanov;amelnikov;11;7;28.02.2021
aocheredko;ilevshtanov;11;4;28.02.2021
aocheredko;ibykov;11;7;28.02.2021
achuhlomin;aocheredko;11;9;28.02.2021
arkislyakov;ankislyakov;11;8;09.03.2021
arkislyakov;ankislyakov;11;6;09.03.2021
arkislyakov;dtomilov;11;6;09.03.2021
arkislyakov;ankislyakov;11;8;09.03.2021
arkislyakov;dtomilov;11;4;09.03.2021
arkislyakov;ankislyakov;11;7;09.03.2021
arkislyakov;dtomilov;11;9;09.03.2021
arkislyakov;ankislyakov;11;9;09.03.2021
arkislyakov;dtomilov;11;8;09.03.2021
arkislyakov;ankislyakov;11;9;09.03.2021
arkislyakov;dtomilov;11;6;09.03.2021
ankislyakov;arkislyakov;11;9;09.03.2021
arkislyakov;ankislyakov;11;6;09.03.2021
aocheredko;arkislyakov;11;8;09.03.2021
aocheredko;dtomilov;11;7;09.03.2021
aocheredko;dtomilov;11;2;09.03.2021
aocheredko;ankislyakov;11;8;09.03.2021
aocheredko;achuhlomin;11;8;09.03.2021
aocheredko;vbugaev;11;8;09.03.2021
arkislyakov;aocheredko;12;10;09.03.2021
aocheredko;alupook;11;9;09.03.2021
ankislyakov;alupook;11;2;09.03.2021
arkislyakov;ankislyakov;11;6;09.03.2021
arkislyakov;aocheredko;11;7;09.03.2021
arkislyakov;amelnikov;11;7;10.03.2021
arkislyakov;amelnikov;11;1;10.03.2021
arkislyakov;ankislyakov;11;7;10.03.2021
arkislyakov;alupook;11;4;10.03.2021
arkislyakov;amelnikov;11;3;10.03.2021
arkislyakov;ephilipchack;11;8;10.03.2021
arkislyakov;aandreev;11;6;10.03.2021
ephilipchack;arkislyakov;11;4;10.03.2021
vbugaev;ephilipchack;11;6;10.03.2021
vbugaev;amelnikov;11;0;10.03.2021
ilevshtanov;dtomilov;11;6;10.03.2021
ilevshtanov;alupook;11;0;10.03.2021
vbugaev;dtomilov;11;7;10.03.2021
astelmaschuk;arkislyakov;11;7;10.03.2021
vbugaev;astelmaschuk;11;3;10.03.2021
alupook;vbugaev;11;6;10.03.2021
arkislyakov;amelnikov;11;7;10.03.2021
ankislyakov;arkislyakov;11;7;10.03.2021
ankislyakov;amelnikov;11;2;10.03.2021
ankislyakov;arkislyakov;11;8;10.03.2021
ankislyakov;amelnikov;11;6;10.03.2021
arkislyakov;ankislyakov;12;10;10.03.2021
arkislyakov;amelnikov;11;7;10.03.2021
arkislyakov;ankislyakov;14;12;10.03.2021
ilevshtanov;amelnikov;11;6;10.03.2021
ankislyakov;ilevshtanov;11;5;10.03.2021
arkislyakov;ankislyakov;11;4;10.03.2021
arkislyakov;amelnikov;11;3;10.03.2021
arkislyakov;alupook;11;1;10.03.2021
arkislyakov;vbugaev;11;8;10.03.2021
arkislyakov;amelnikov;11;4;10.03.2021
arkislyakov;ankislyakov;11;6;10.03.2021
arkislyakov;amelnikov;11;4;10.03.2021
ankislyakov;arkislyakov;11;9;10.03.2021
ankislyakov;amelnikov;11;4;10.03.2021
ankislyakov;arkislyakov;11;4;10.03.2021
ankislyakov;amelnikov;11;1;10.03.2021
arkislyakov;ankislyakov;11;5;10.03.2021
ilevshtanov;arkislyakov;11;8;10.03.2021
aocheredko;amelnikov;11;5;11.03.2021
aocheredko;arkislyakov;11;6;11.03.2021
achuhlomin;aocheredko;11;9;11.03.2021
ankislyakov;achuhlomin;11;9;11.03.2021
ankislyakov;amelnikov;11;7;11.03.2021
ankislyakov;arkislyakov;11;6;11.03.2021
aocheredko;ankislyakov;11;4;11.03.2021
aocheredko;amelnikov;11;9;11.03.2021
aocheredko;arkislyakov;11;3;11.03.2021
ankislyakov;aocheredko;11;4;11.03.2021
ankislyakov;amelnikov;11;5;11.03.2021
arkislyakov;ankislyakov;11;5;11.03.2021
arkislyakov;aocheredko;12;10;11.03.2021
arkislyakov;amelnikov;11;6;11.03.2021
ankislyakov;arkislyakov;11;7;11.03.2021
aocheredko;ankislyakov;16;14;11.03.2021
aocheredko;amelnikov;11;6;11.03.2021
aocheredko;arkislyakov;11;5;11.03.2021
ankislyakov;aocheredko;11;8;11.03.2021
arkislyakov;ankislyakov;11;8;11.03.2021
arkislyakov;amelnikov;11;3;11.03.2021
ankislyakov;arkislyakov;11;7;11.03.2021
arkislyakov;ankislyakov;16;14;11.03.2021
arkislyakov;ankislyakov;11;6;11.03.2021
ankislyakov;arkislyakov;12;10;11.03.2021
ankislyakov;arkislyakov;11;9;11.03.2021
aocheredko;amelnikov;11;9;11.03.2021
ankislyakov;aocheredko;11;7;11.03.2021
arkislyakov;ankislyakov;11;6;11.03.2021
arkislyakov;amelnikov;11;8;11.03.2021
arkislyakov;dtomilov;11;3;11.03.2021
arkislyakov;ankislyakov;11;9;11.03.2021
aocheredko;arkislyakov;11;8;11.03.2021
aocheredko;amelnikov;11;6;11.03.2021
aocheredko;vvasilev;11;8;11.03.2021
aocheredko;dtomilov;13;11;11.03.2021
aandreev;avarov;11;8;11.03.2021
ilevshtanov;aandreev;11;7;11.03.2021
ilevshtanov;amelnikov;11;3;11.03.2021
ilevshtanov;vvasilev;11;4;11.03.2021
aocheredko;ilevshtanov;11;9;11.03.2021
aocheredko;dtomilov;11;4;11.03.2021
aocheredko;amelnikov;11;2;11.03.2021
arkislyakov;ankislyakov;11;5;13.03.2021
arkislyakov;dtomilov;11;4;13.03.2021
aocheredko;arkislyakov;11;6;13.03.2021
ankislyakov;aocheredko;12;10;13.03.2021
arkislyakov;astelmaschuk;11;7;13.03.2021
ankislyakov;arkislyakov;11;6;13.03.2021
aocheredko;ankislyakov;11;5;13.03.2021
aocheredko;astelmaschuk;15;13;13.03.2021
ankislyakov;arkislyakov;11;7;13.03.2021
aocheredko;ankislyakov;11;8;13.03.2021
aocheredko;astelmaschuk;11;6;13.03.2021
aocheredko;imaskin;11;8;13.03.2021
ankislyakov;aocheredko;14;12;13.03.2021
dtomilov;astelmaschuk;11;9;13.03.2021
vbugaev;arkislyakov;15;13;13.03.2021
astelmaschuk;ankislyakov;13;11;13.03.2021
arkislyakov;aocheredko;11;3;13.03.2021
vbugaev;arkislyakov;11;6;13.03.2021
vbugaev;astelmaschuk;11;5;13.03.2021
arkislyakov;ankislyakov;11;4;13.03.2021
arkislyakov;astelmaschuk;11;7;13.03.2021
arkislyakov;ankislyakov;11;8;13.03.2021
arkislyakov;aocheredko;12;10;13.03.2021
vbugaev;astelmaschuk;11;4;13.03.2021
ankislyakov;amelnikov;11;1;13.03.2021
ankislyakov;arkislyakov;11;6;13.03.2021
aocheredko;ankislyakov;20;18;13.03.2021
astelmaschuk;dtomilov;11;4;13.03.2021
arkislyakov;astelmaschuk;11;7;13.03.2021
arkislyakov;aocheredko;14;12;13.03.2021
ankislyakov;astelmaschuk;12;10;13.03.2021
aocheredko;arkislyakov;11;7;13.03.2021
aocheredko;ankislyakov;11;6;13.03.2021
aocheredko;astelmaschuk;12;10;13.03.2021
arkislyakov;ankislyakov;11;7;13.03.2021
imaskin;arkislyakov;11;8;13.03.2021
aocheredko;imaskin;11;7;13.03.2021
astelmaschuk;aocheredko;11;7;13.03.2021
arkislyakov;astelmaschuk;11;4;13.03.2021
imaskin;arkislyakov;11;8;13.03.2021
imaskin;ilevshtanov;11;4;13.03.2021
imaskin;astelmaschuk;11;6;13.03.2021
imaskin;arkislyakov;11;5;13.03.2021
achuhlomin;ibykov;11;9;07.03.2021
achuhlomin;aocheredko;11;7;07.03.2021
achuhlomin;dtomilov;11;5;07.03.2021
achuhlomin;ibykov;11;5;07.03.2021
aocheredko;achuhlomin;11;9;07.03.2021
aocheredko;ibykov;11;3;07.03.2021
avarov;aocheredko;14;12;07.03.2021
avarov;ibykov;11;6;07.03.2021
aocheredko;avarov;11;4;07.03.2021
arkislyakov;ankislyakov;11;8;08.03.2021
aocheredko;arkislyakov;11;8;08.03.2021
aocheredko;amelnikov;11;6;08.03.2021
aocheredko;ankislyakov;11;4;08.03.2021
aocheredko;amelnikov;12;10;08.03.2021
arkislyakov;ankislyakov;11;8;08.03.2021
arkislyakov;aocheredko;11;9;08.03.2021
arkislyakov;amelnikov;12;10;08.03.2021
aocheredko;ankislyakov;11;6;08.03.2021
aocheredko;amelnikov;11;5;08.03.2021
aocheredko;dtomilov;11;6;08.03.2021
aocheredko;amelnikov;11;8;08.03.2021
aocheredko;dtomilov;14;12;08.03.2021
arkislyakov;amelnikov;11;6;08.03.2021
arkislyakov;aocheredko;11;8;08.03.2021
arkislyakov;dtomilov;11;0;08.03.2021
arkislyakov;avarov;11;8;08.03.2021
aocheredko;arkislyakov;11;6;08.03.2021
aocheredko;dtomilov;11;6;08.03.2021
aocheredko;avarov;11;6;08.03.2021
aocheredko;avarov;11;5;08.03.2021
vbugaev;aocheredko;11;8;08.03.2021
vbugaev;arkislyakov;11;7;08.03.2021
vbugaev;dtomilov;11;1;08.03.2021
aocheredko;vbugaev;11;9;08.03.2021
aocheredko;dtomilov;11;6;08.03.2021
aocheredko;vbugaev;12;10;08.03.2021
arkislyakov;dtomilov;11;0;08.03.2021
arkislyakov;aocheredko;13;11;08.03.2021
ilevshtanov;dtomilov;11;4;08.03.2021
ilevshtanov;dtomilov;11;1;08.03.2021
ilevshtanov;arkislyakov;11;4;08.03.2021
ilevshtanov;dtomilov;11;9;08.03.2021
imaskin;astelmaschuk;11;9;13.03.2021
imaskin;ankislyakov;11;7;13.03.2021
imaskin;astelmaschuk;11;4;13.03.2021
imaskin;ilevshtanov;11;7;13.03.2021
imaskin;aocheredko;11;6;13.03.2021
vbugaev;imaskin;11;5;13.03.2021
arkislyakov;astelmaschuk;12;10;13.03.2021
ilevshtanov;amelnikov;11;4;13.03.2021
arkislyakov;ankislyakov;11;3;14.03.2021
arkislyakov;astelmaschuk;11;7;14.03.2021
arkislyakov;ankislyakov;11;6;14.03.2021
arkislyakov;dtomilov;11;9;14.03.2021
astelmaschuk;arkislyakov;11;7;14.03.2021
ankislyakov;astelmaschuk;11;4;14.03.2021
arkislyakov;ankislyakov;11;8;14.03.2021
arkislyakov;imaskin;14;12;14.03.2021
arkislyakov;ankislyakov;11;5;14.03.2021
arkislyakov;vbugaev;11;8;14.03.2021
arkislyakov;ankislyakov;11;9;14.03.2021
aocheredko;arkislyakov;11;6;14.03.2021
aocheredko;vbugaev;11;5;14.03.2021
aocheredko;ankislyakov;11;9;14.03.2021
arkislyakov;aocheredko;11;9;14.03.2021
arkislyakov;ankislyakov;11;9;14.03.2021
aocheredko;arkislyakov;11;6;14.03.2021
ankislyakov;aocheredko;11;1;14.03.2021
ankislyakov;arkislyakov;12;10;14.03.2021
aocheredko;ankislyakov;14;12;14.03.2021
aocheredko;arkislyakov;11;9;14.03.2021
aocheredko;ankislyakov;11;6;14.03.2021
aocheredko;arkislyakov;11;9;14.03.2021
aocheredko;ankislyakov;11;9;14.03.2021
arkislyakov;aocheredko;11;9;14.03.2021
arkislyakov;amelnikov;11;3;14.03.2021
vbugaev;arkislyakov;11;7;14.03.2021
vbugaev;ankislyakov;11;8;14.03.2021
vbugaev;arkislyakov;12;10;14.03.2021
ankislyakov;amelnikov;11;4;14.03.2021
ankislyakov;vbugaev;11;8;14.03.2021
ankislyakov;amelnikov;11;4;14.03.2021
arkislyakov;ankislyakov;11;8;14.03.2021
arkislyakov;amelnikov;11;5;14.03.2021
arkislyakov;ankislyakov;11;3;14.03.2021
arkislyakov;amelnikov;11;3;14.03.2021
arkislyakov;vbugaev;11;9;14.03.2021
arkislyakov;ankislyakov;11;7;14.03.2021
arkislyakov;amelnikov;11;4;14.03.2021
arkislyakov;vbugaev;11;1;14.03.2021
arkislyakov;ankislyakov;11;9;14.03.2021
arkislyakov;amelnikov;11;3;14.03.2021
arkislyakov;ankislyakov;11;8;14.03.2021
arkislyakov;amelnikov;11;4;14.03.2021
ankislyakov;arkislyakov;14;12;14.03.2021
arkislyakov;ankislyakov;11;9;14.03.2021
arkislyakov;amelnikov;11;8;14.03.2021
ankislyakov;arkislyakov;17;15;14.03.2021
vbugaev;amelnikov;11;9;14.03.2021
ankislyakov;vbugaev;11;3;14.03.2021
arkislyakov;ankislyakov;11;9;14.03.2021
arkislyakov;amelnikov;11;4;14.03.2021
aocheredko;arkislyakov;11;6;14.03.2021
aocheredko;ankislyakov;15;13;14.03.2021
amelnikov;aocheredko;14;12;14.03.2021
amelnikov;aocheredko;11;9;14.03.2021
aocheredko;amelnikov;11;6;14.03.2021
aocheredko;amelnikov;11;7;14.03.2021
arkislyakov;astelmaschuk;11;6;14.03.2021
arkislyakov;astelmaschuk;11;8;14.03.2021
arkislyakov;amelnikov;11;0;14.03.2021
arkislyakov;astelmaschuk;11;6;14.03.2021
arkislyakov;amelnikov;11;8;14.03.2021
arkislyakov;ankislyakov;11;5;14.03.2021
arkislyakov;vbugaev;11;9;14.03.2021
arkislyakov;astelmaschuk;12;10;14.03.2021
arkislyakov;amelnikov;11;2;14.03.2021
arkislyakov;amelnikov;11;9;14.03.2021
amelnikov;arkislyakov;11;8;14.03.2021
amelnikov;arkislyakov;11;7;14.03.2021
arkislyakov;amelnikov;11;5;14.03.2021
ephilipchack;arkislyakov;11;5;14.03.2021
ephilipchack;dtomilov;11;9;14.03.2021
imaskin;ephilipchack;12;10;14.03.2021
amelnikov;dtomilov;11;3;14.03.2021
imaskin;amelnikov;11;8;14.03.2021
imaskin;dtomilov;11;4;14.03.2021
astelmaschuk;dtomilov;11;6;14.03.2021
astelmaschuk;avarov;11;8;14.03.2021
astelmaschuk;dtomilov;12;10;14.03.2021
aocheredko;amelnikov;11;4;14.03.2021
aocheredko;avarov;11;4;14.03.2021
aocheredko;amelnikov;11;4;14.03.2021
astelmaschuk;aocheredko;12;10;14.03.2021
vbugaev;amelnikov;11;6;14.03.2021
vbugaev;astelmaschuk;11;9;14.03.2021
aocheredko;vbugaev;11;9;14.03.2021
aocheredko;amelnikov;12;10;14.03.2021
vbugaev;astelmaschuk;11;7;14.03.2021
vbugaev;avarov;11;7;14.03.2021
aocheredko;vbugaev;11;8;14.03.2021
aocheredko;amelnikov;11;8;14.03.2021
aocheredko;astelmaschuk;11;4;14.03.2021
aocheredko;avarov;11;4;14.03.2021
achuhlomin;aocheredko;11;7;14.03.2021
achuhlomin;astelmaschuk;11;8;14.03.2021
achuhlomin;amelnikov;11;5;14.03.2021
aocheredko;achuhlomin;11;6;14.03.2021
astelmaschuk;aocheredko;11;8;14.03.2021
aocheredko;vvasilev;11;3;14.03.2021
aocheredko;amelnikov;12;10;15.03.2021
ankislyakov;arkislyakov;11;3;15.03.2021
ankislyakov;dtomilov;11;3;15.03.2021
aocheredko;ankislyakov;11;9;15.03.2021
aocheredko;amelnikov;11;0;15.03.2021
astelmaschuk;aocheredko;11;8;15.03.2021
arkislyakov;astelmaschuk;11;9;15.03.2021
arkislyakov;ankislyakov;11;6;15.03.2021
arkislyakov;amelnikov;11;3;15.03.2021
arkislyakov;astelmaschuk;11;6;15.03.2021
arkislyakov;ankislyakov;11;7;15.03.2021
arkislyakov;amelnikov;11;5;15.03.2021
arkislyakov;astelmaschuk;11;6;15.03.2021
arkislyakov;ilevshtanov;11;8;15.03.2021
aocheredko;arkislyakov;11;7;16.03.2021
aocheredko;ankislyakov;11;9;16.03.2021
aocheredko;amelnikov;11;6;16.03.2021
aocheredko;astelmaschuk;11;7;16.03.2021
aocheredko;dtomilov;11;9;16.03.2021
aocheredko;vbugaev;11;8;16.03.2021
aocheredko;arkislyakov;11;9;16.03.2021
aocheredko;achuhlomin;11;8;16.03.2021
ankislyakov;aocheredko;11;6;16.03.2021
ankislyakov;amelnikov;11;4;16.03.2021
ankislyakov;dtomilov;11;4;16.03.2021
arkislyakov;ankislyakov;11;5;16.03.2021
arkislyakov;alupook;11;2;16.03.2021
aocheredko;arkislyakov;12;10;16.03.2021
amelnikov;dtomilov;11;5;16.03.2021
aocheredko;amelnikov;11;4;16.03.2021
aocheredko;amelnikov;11;8;16.03.2021
ankislyakov;aocheredko;11;7;16.03.2021
ankislyakov;dtomilov;11;7;16.03.2021
ankislyakov;aocheredko;12;10;16.03.2021
ankislyakov;dtomilov;11;6;16.03.2021
aocheredko;ankislyakov;11;6;16.03.2021
ankislyakov;arkislyakov;11;9;16.03.2021
ankislyakov;ilevshtanov;11;5;16.03.2021
ankislyakov;arkislyakov;11;7;16.03.2021
arkislyakov;aocheredko;12;10;16.03.2021
ankislyakov;arkislyakov;11;7;16.03.2021
amelnikov;dtomilov;11;7;16.03.2021
ankislyakov;astelmaschuk;11;9;16.03.2021
ankislyakov;dtomilov;11;7;16.03.2021
arkislyakov;ankislyakov;11;5;16.03.2021
arkislyakov;ephilipchack;11;9;16.03.2021
ankislyakov;vbugaev;11;0;16.03.2021
arkislyakov;ankislyakov;11;6;16.03.2021
arkislyakov;ilevshtanov;11;2;16.03.2021
arkislyakov;amelnikov;11;3;16.03.2021
vbugaev;arkislyakov;11;7;16.03.2021
ankislyakov;vbugaev;12;10;16.03.2021
arkislyakov;amelnikov;11;3;16.03.2021
arkislyakov;ankislyakov;11;3;16.03.2021
vbugaev;arkislyakov;11;7;16.03.2021
imaskin;vbugaev;11;7;16.03.2021
imaskin;dtomilov;11;7;16.03.2021
imaskin;amelnikov;11;5;16.03.2021
arkislyakov;imaskin;11;7;16.03.2021
arkislyakov;ankislyakov;11;3;16.03.2021
vbugaev;arkislyakov;11;6;16.03.2021
dtomilov;vbugaev;11;8;16.03.2021
dtomilov;amelnikov;11;6;16.03.2021
arkislyakov;dtomilov;11;8;16.03.2021
vbugaev;arkislyakov;11;9;16.03.2021
aocheredko;amelnikov;11;9;17.03.2021
aocheredko;aparshin;11;5;17.03.2021
arkislyakov;aocheredko;12;10;17.03.2021
ankislyakov;ibykov;11;0;17.03.2021
vbugaev;ankislyakov;11;7;17.03.2021
vbugaev;arkislyakov;11;2;17.03.2021
vbugaev;amelnikov;11;9;17.03.2021
aocheredko;vbugaev;11;7;17.03.2021
aocheredko;ibykov;11;4;17.03.2021
ankislyakov;aocheredko;12;10;17.03.2021
vbugaev;arkislyakov;12;10;17.03.2021
amelnikov;ibykov;11;7;17.03.2021
amelnikov;vbugaev;12;10;17.03.2021
aocheredko;amelnikov;11;0;17.03.2021
aocheredko;amelnikov;11;5;17.03.2021
aocheredko;amelnikov;14;12;17.03.2021
ibykov;alupook;12;10;17.03.2021
ibykov;alupook;11;5;17.03.2021
dtomilov;arkislyakov;11;7;17.03.2021
dtomilov;amelnikov;11;9;17.03.2021
arkislyakov;dtomilov;11;3;17.03.2021
arkislyakov;dtomilov;11;7;17.03.2021
arkislyakov;dtomilov;11;3;17.03.2021
arkislyakov;vbugaev;11;9;17.03.2021
arkislyakov;amelnikov;11;5;17.03.2021
dtomilov;arkislyakov;11;8;17.03.2021
vbugaev;dtomilov;11;9;17.03.2021
amelnikov;vbugaev;11;9;17.03.2021
achuhlomin;arkislyakov;13;11;17.03.2021
vbugaev;dtomilov;11;9;17.03.2021
arkislyakov;ankislyakov;11;9;18.03.2021
arkislyakov;astelmaschuk;11;7;18.03.2021
arkislyakov;dtomilov;11;3;18.03.2021
arkislyakov;ankislyakov;11;5;18.03.2021
arkislyakov;astelmaschuk;11;2;18.03.2021
ilevshtanov;arkislyakov;11;5;18.03.2021
arkislyakov;ilevshtanov;11;6;18.03.2021
achuhlomin;arkislyakov;11;5;18.03.2021
imaskin;achuhlomin;12;10;18.03.2021
aocheredko;ephilipchack;11;5;18.03.2021
aocheredko;imaskin;11;9;18.03.2021
amelnikov;imaskin;11;9;18.03.2021
aocheredko;dtomilov;11;8;18.03.2021
aocheredko;dtomilov;12;10;18.03.2021
aocheredko;dtomilov;11;5;18.03.2021
aocheredko;dtomilov;11;7;18.03.2021
aocheredko;dtomilov;11;6;18.03.2021
vbugaev;aocheredko;11;8;18.03.2021
arkislyakov;vbugaev;11;7;18.03.2021
arkislyakov;aocheredko;11;3;18.03.2021
aocheredko;arkislyakov;11;7;18.03.2021
aocheredko;arkislyakov;11;7;18.03.2021
aocheredko;ankislyakov;11;7;18.03.2021
arkislyakov;ankislyakov;11;6;18.03.2021
arkislyakov;ankislyakov;11;6;18.03.2021
arkislyakov;astelmaschuk;11;2;18.03.2021
ankislyakov;arkislyakov;16;14;18.03.2021
astelmaschuk;dtomilov;11;9;18.03.2021
ankislyakov;astelmaschuk;11;4;18.03.2021
arkislyakov;dtomilov;12;10;18.03.2021
avarov;astelmaschuk;11;5;18.03.2021
vbugaev;avarov;11;5;18.03.2021
vbugaev;ankislyakov;11;6;18.03.2021
arkislyakov;vbugaev;11;5;18.03.2021
arkislyakov;astelmaschuk;11;9;18.03.2021
arkislyakov;ankislyakov;11;5;18.03.2021
arkislyakov;vbugaev;19;17;18.03.2021
aparshin;astelmaschuk;11;7;18.03.2021
arkislyakov;amelnikov;11;9;19.03.2021
aocheredko;arkislyakov;11;7;19.03.2021
aocheredko;astelmaschuk;12;10;19.03.2021
amelnikov;dtomilov;14;12;19.03.2021
arkislyakov;ankislyakov;11;9;19.03.2021
aocheredko;arkislyakov;11;6;19.03.2021
aocheredko;astelmaschuk;11;9;19.03.2021
aocheredko;dtomilov;11;6;19.03.2021
aocheredko;amelnikov;11;5;19.03.2021
aocheredko;alupook;11;5;19.03.2021
arkislyakov;amelnikov;11;7;19.03.2021
arkislyakov;amelnikov;11;3;19.03.2021
arkislyakov;amelnikov;11;9;19.03.2021
arkislyakov;ankislyakov;11;8;19.03.2021
arkislyakov;astelmaschuk;11;5;19.03.2021
arkislyakov;dtomilov;11;5;19.03.2021
arkislyakov;ankislyakov;11;8;19.03.2021
arkislyakov;astelmaschuk;11;3;19.03.2021
arkislyakov;achuhlomin;12;10;19.03.2021
ankislyakov;astelmaschuk;11;5;19.03.2021
ankislyakov;arkislyakov;11;9;19.03.2021
ankislyakov;astelmaschuk;11;7;19.03.2021
ankislyakov;arkislyakov;11;9;19.03.2021
ankislyakov;astelmaschuk;11;8;19.03.2021
arkislyakov;ankislyakov;11;9;19.03.2021
vbugaev;astelmaschuk;11;7;19.03.2021
vbugaev;ankislyakov;11;7;19.03.2021
vbugaev;astelmaschuk;11;7;19.03.2021
vbugaev;alupook;11;3;19.03.2021
vbugaev;imaskin;11;9;19.03.2021
vbugaev;arkislyakov;11;5;19.03.2021
vbugaev;arkislyakov;11;5;19.03.2021
imaskin;arkislyakov;11;7;19.03.2021
ankislyakov;imaskin;11;9;19.03.2021
arkislyakov;ankislyakov;11;7;19.03.2021
imaskin;arkislyakov;11;8;19.03.2021
arkislyakov;ankislyakov;11;5;20.03.2021
arkislyakov;astelmaschuk;11;5;20.03.2021
arkislyakov;ankislyakov;11;4;20.03.2021
arkislyakov;astelmaschuk;11;7;20.03.2021
arkislyakov;ankislyakov;11;6;20.03.2021
arkislyakov;astelmaschuk;11;8;20.03.2021
ankislyakov;arkislyakov;11;6;20.03.2021
ankislyakov;astelmaschuk;11;5;20.03.2021
ankislyakov;avarov;11;0;20.03.2021
ankislyakov;arkislyakov;11;9;20.03.2021
ankislyakov;arkislyakov;15;13;20.03.2021
arkislyakov;ephilipchack;14;12;20.03.2021
arkislyakov;astelmaschuk;11;6;20.03.2021
arkislyakov;ankislyakov;11;8;20.03.2021
arkislyakov;ankislyakov;11;6;20.03.2021
ankislyakov;imaskin;11;5;20.03.2021
ankislyakov;imaskin;11;8;20.03.2021
aocheredko;arkislyakov;11;8;20.03.2021
vbugaev;aocheredko;11;8;20.03.2021
vbugaev;dtomilov;11;6;20.03.2021
vbugaev;arkislyakov;11;3;20.03.2021
ankislyakov;vbugaev;11;5;20.03.2021
ankislyakov;aocheredko;11;9;20.03.2021
arkislyakov;ankislyakov;11;9;20.03.2021
arkislyakov;dtomilov;11;5;20.03.2021
arkislyakov;vbugaev;11;4;20.03.2021
arkislyakov;aocheredko;11;9;20.03.2021
ankislyakov;arkislyakov;11;5;20.03.2021
ankislyakov;vbugaev;11;9;20.03.2021
ankislyakov;astelmaschuk;11;8;20.03.2021
aocheredko;ankislyakov;11;7;20.03.2021
arkislyakov;aocheredko;11;9;20.03.2021
vbugaev;arkislyakov;11;8;20.03.2021
ankislyakov;vbugaev;11;9;20.03.2021
aocheredko;ankislyakov;11;5;20.03.2021
aocheredko;imaskin;15;13;20.03.2021
vbugaev;arkislyakov;12;10;20.03.2021
